CLASE,conteo,porcentaje
1,43172,50.727328272977225
2,41934,49.27267172702277
