P4065S3,conteo,porcentaje
2,81561,95.83460625572815
1,3545,4.1653937442718485
