P3157S4,conteo,porcentaje
2,73793,86.70716518224332
1,11313,13.29283481775668
