P4065S2,conteo,porcentaje
2,83294,97.87089041900688
1,1812,2.1291095809931146
