P3157S1,conteo,porcentaje
2,70864,83.26557469508613
1,14242,16.734425304913874
