P3157S3,conteo,porcentaje
2,69372,81.51246680610062
1,15734,18.48753319389937
