P8520S5,conteo,porcentaje
1,64110,75.32958898315042
2,20996,24.670411016849574
