P5661S6,conteo,porcentaje
1,55274,64.94724226259018
2,24364,28.627828825229713
3,3718,4.368669659013466
4,1750,2.056259253166639
