P5661S5,conteo,porcentaje
1,70383,82.70039715178719
2,12159,14.286889291001808
3,1525,1.7918830634737857
4,1039,1.2208304937372219
