P5661S2,conteo,porcentaje
1,55006,64.6323408455338
2,23721,27.872300425351916
3,4324,5.080722863252884
4,2055,2.4146358658613964
