P8520S3,conteo,porcentaje
1,42813,50.30550137475619
2,42293,49.69449862524382
