P4065S5,conteo,porcentaje
2,83837,98.50891829013231
1,1269,1.4910817098676945
