P5661S1,conteo,porcentaje
1,59123,69.46983761426927
2,20072,23.58470613117759
3,3169,3.723591756162903
4,2742,3.221864498390243
