P3156,conteo,porcentaje
,41934,49.27267172702277
1.0,34226,40.21573097078937
2.0,8946,10.51159730218786
