P5661S4,conteo,porcentaje
1,61882,72.7116772025474
2,18550,21.796348083566375
3,3043,3.5755410899349047
4,1631,1.9164336239513076
