P4065S4,conteo,porcentaje
2,77386,90.92895918031631
1,7720,9.071040819683688
