P1070,conteo,porcentaje
1,65346,76.78189551852984
2,15672,18.414682866072898
4,2480,2.9140131130590086
3,1525,1.7918830634737857
5,83,0.09752543886447489
