P5661S9,conteo,porcentaje
1,67258,79.02850562827533
2,13409,15.75564590040655
3,2554,3.0009635043357696
4,1885,2.2148849669823516
