P8520S4,conteo,porcentaje
1,55614,65.34674406034827
2,29492,34.65325593965173
