P3157S2,conteo,porcentaje
2,64577,75.87831645242403
1,20529,24.121683547575966
