P4065S1,conteo,porcentaje
2,77808,91.42481141165135
1,7298,8.575188588348649
