P8520S1,conteo,porcentaje
1,81940,96.27993325969967
2,3166,3.720066740300331
