P5661S7,conteo,porcentaje
1,38288,44.98860244871102
2,31380,36.871665922496646
3,9711,11.410476347143563
4,5727,6.729255281648768
