P5661S3,conteo,porcentaje
1,59373,69.76358893615021
2,21335,25.06873780932014
3,2760,3.2430145935656713
4,1638,1.9246586609639744
