P8520S1,conteo,porcentaje
Si,81940,96.27993325969967
No,3166,3.720066740300331
