P8520S4,conteo,porcentaje
Si,55614,65.34674406034827
No,29492,34.65325593965173
