P8520S3,conteo,porcentaje
Si,42813,50.30550137475619
No,42293,49.69449862524382
