P8520S5,conteo,porcentaje
Si,64110,75.32958898315042
No,20996,24.670411016849574
